{"ycb-bleach": [-0.323, 2.39, 0.3, 0, 0, 0], "ycb-tomatosoup": [1.0, -1.28, 1.321, 0, 0, 0], "ycb-coffee": [1.0, -1.28, 0.523, 0, 0, 0], "ycb-bleach-2": [-1.00422, 5.50495, 0.30154, 0, 0, 0], "ycb-mustard": [3.49, 3.2, 0.66, 0, 0, 0], "ycb-sugar-2": [3.89705, 6.61011, 0, 0, 0, 0], "Environment": "ycb", "ycb-tuna": [3.22638, 4.86343, 0.66, 0, 0, 0], "ycb-sugar": [0.374345, 5.87205, 0, 0, 0, 0], "ycb-tomatosoup-2": [-0.555923, 1.73, 0.3, 0, 0, 0], "ycb-jello": [-1.18, 5.31, 0.3, 0, 0, 0]}